S.no,Name,"User Id",Email,"Member Type",Joined,Expired
1,Kairon,L5ZO7,admin@gmail.com,Free,"2017-07-29 16:20:15",2017-07-29
2,Kairon,1LLH7,lovepreet.singh@debutinfotech.com,Free,"2017-07-29 16:20:52",2017-07-29
3,dfhfghfgh,7X2GZ,test@gmail.com,Free,"2017-08-02 15:18:00",2017-08-02
4,dfhfghfdgdfggh,9U3FU,tests@gmail.com,Free,"2017-08-02 15:19:03",2017-08-02
5,dfhfghnbmfgh,32NO1,testjghkg@gmail.com,Free,"2017-08-02 15:43:12",2017-09-02
6,dfhdsfghnbmfgh,3334R,testjighkg@gmail.com,Free,"2017-08-02 15:58:26",2017-09-02
7,gdfhff,U4M2V,testfdh@gmail.com,Free,"2017-08-08 13:21:33",2017-09-08
8,Kairon,L5ZO7,kaironlove1@gmail.com,Free,"2017-07-29 10:50:15",2017-07-29
9,Kairon,1LLH7,test2@gmail.com,Free,"2017-07-29 10:50:52",2017-07-29
10,dfhfghfgh,7X2GZ,test3@gmail.com,Free,"2017-08-02 09:48:00",2017-08-02
11,dfhfghfdgdfggh,9U3FU,test4@gmail.com,Free,"2017-08-02 09:49:03",2017-08-02
12,dfhfghnbmfgh,32NO1,test6@gmail.com,Free,"2017-08-02 10:13:12",2017-09-02
13,dfhdsfghnbmfgh,3334R,test7@gmail.com,Free,"2017-08-02 10:28:26",2017-09-02
14,gdfhff,U4M2V,test8@gmail.com,Free,"2017-08-08 07:51:33",2017-09-08
15,Kairon,L5ZO7,kaironlove1@gmail.com,Free,"2017-07-29 10:50:15",2017-07-29
16,Kairon,1LLH7,test2@gmail.com,Free,"2017-07-29 10:50:52",2017-07-29
17,dfhfghfgh,7X2GZ,test3@gmail.com,Free,"2017-08-02 09:48:00",2017-08-02
18,dfhfghfdgdfggh,9U3FU,test4@gmail.com,Free,"2017-08-02 09:49:03",2017-08-02
19,dfhbnfghfdgdfggh,GH4ZG,test5@gmail.com,Free,"2017-08-02 09:49:56",2017-08-02
20,dfhfghnbmfgh,32NO1,test6@gmail.com,Free,"2017-08-02 10:13:12",2017-09-02
21,dfhdsfghnbmfgh,3334R,test7@gmail.com,Free,"2017-08-02 10:28:26",2017-09-02
22,gdfhff,U4M2V,test8@gmail.com,Free,"2017-08-08 07:51:33",2017-09-08
23,Kairon,L5ZO7,kaironlove1@gmail.com,Free,"2017-07-29 10:50:15",2017-07-29
24,Kairon,1LLH7,test2@gmail.com,Free,"2017-07-29 10:50:52",2017-07-29
25,dfhfghfgh,7X2GZ,test3@gmail.com,Free,"2017-08-02 09:48:00",2017-08-02
26,dfhfghfdgdfggh,9U3FU,test4@gmail.com,Free,"2017-08-02 09:49:03",2017-08-02
27,dfhbnfghfdgdfggh,GH4ZG,test5@gmail.com,Free,"2017-08-02 09:49:56",2017-08-02
28,dfhfghnbmfgh,32NO1,test6@gmail.com,Free,"2017-08-02 10:13:12",2017-09-02
29,dfhdsfghnbmfgh,3334R,test7@gmail.com,Free,"2017-08-02 10:28:26",2017-09-02
30,gdfhff,U4M2V,test8@gmail.com,Free,"2017-08-08 07:51:33",2017-09-08
31,Kairon,L5ZO7,kaironlove1@gmail.com,Free,"2017-07-29 10:50:15",2017-07-29
32,Kairon,1LLH7,test2@gmail.com,Free,"2017-07-29 10:50:52",2017-07-29
33,dfhfghfgh,7X2GZ,test3@gmail.com,Free,"2017-08-02 09:48:00",2017-08-02
34,dfhfghfdgdfggh,9U3FU,test4@gmail.com,Free,"2017-08-02 09:49:03",2017-08-02
35,dfhbnfghfdgdfggh,GH4ZG,test5@gmail.com,Free,"2017-08-02 09:49:56",2017-08-02
36,dfhfghnbmfgh,32NO1,test6@gmail.com,Free,"2017-08-02 10:13:12",2017-09-02
37,dfhdsfghnbmfgh,3334R,test7@gmail.com,Free,"2017-08-02 10:28:26",2017-09-02
38,gdfhff,U4M2V,test8@gmail.com,Free,"2017-08-08 07:51:33",2017-09-08
39,Kairon,L5ZO7,kaironlove1@gmail.com,Free,"2017-07-29 10:50:15",2017-07-29
40,Kairon,1LLH7,test2@gmail.com,Free,"2017-07-29 10:50:52",2017-07-29
41,dfhfghfgh,7X2GZ,test3@gmail.com,Free,"2017-08-02 09:48:00",2017-08-02
42,dfhfghfdgdfggh,9U3FU,test4@gmail.com,Free,"2017-08-02 09:49:03",2017-08-02
43,dfhbnfghfdgdfggh,GH4ZG,test5@gmail.com,Free,"2017-08-02 09:49:56",2017-08-02
44,dfhfghnbmfgh,32NO1,test6@gmail.com,Free,"2017-08-02 10:13:12",2017-09-02
45,dfhdsfghnbmfgh,3334R,test7@gmail.com,Free,"2017-08-02 10:28:26",2017-09-02
46,gdfhff,U4M2V,test8@gmail.com,Free,"2017-08-08 07:51:33",2017-09-08
47,ehfgv,R7XXL,hr@gmail.com,Free,"2017-08-12 13:32:19",2017-09-12
48,Testing,B4062,testing@gmail.com,Free,"2017-08-24 09:18:43",2017-09-24
